{
  "metadata": {
    "input_video": "task2_hand_to_robot/pouring.mp4",
    "annotated_video": "task2_hand_to_robot/outputs/pouring_run_01/annotated_hands.mp4",
    "model_path": "task2_hand_to_robot/outputs/pouring_run_01/hand_landmarker.task",
    "fps": 29.17678604789169,
    "frame_width": 848,
    "frame_height": 478,
    "num_frames": 30
  },
  "trajectory": [
    {
      "frame_index": 0,
      "time_s": 0.0,
      "detected": true,
      "wrist_x": 0.5935949683189392,
      "wrist_y": 0.5325465202331543,
      "wrist_z": -2.8178732236483484e-07,
      "palm_axis_angle_rad": -1.5900234904752033,
      "pour_angle_rad": -1.560816786040914,
      "wrist_x_smooth": 0.5936027566591898,
      "wrist_y_smooth": 0.5331961711247762,
      "wrist_z_smooth": -2.0776588864161263e-07,
      "palm_axis_angle_rad_smooth": -1.5164447998368165,
      "pour_angle_rad_smooth": -1.5812459086853634
    },
    {
      "frame_index": 1,
      "time_s": 0.03427382297551789,
      "detected": true,
      "wrist_x": 0.5935483574867249,
      "wrist_y": 0.5335630178451538,
      "wrist_z": -1.8673719637263275e-07,
      "palm_axis_angle_rad": -1.4650525395282321,
      "pour_angle_rad": -1.5945317837189799,
      "wrist_x_smooth": 0.5939942449331284,
      "wrist_y_smooth": 0.5347971022129059,
      "wrist_z_smooth": -1.9690932973048803e-07,
      "palm_axis_angle_rad_smooth": -1.5135297283558353,
      "pour_angle_rad_smooth": -1.5830432712147713
    },
    {
      "frame_index": 2,
      "time_s": 0.06854764595103578,
      "detected": true,
      "wrist_x": 0.5936649441719055,
      "wrist_y": 0.5334789752960205,
      "wrist_z": -1.5477314718737034e-07,
      "palm_axis_angle_rad": -1.4942583695070142,
      "pour_angle_rad": -1.588389156296197,
      "wrist_x_smooth": 0.5943939447402954,
      "wrist_y_smooth": 0.5362165451049805,
      "wrist_z_smooth": -1.9545272778032086e-07,
      "palm_axis_angle_rad_smooth": -1.511571635318846,
      "pour_angle_rad_smooth": -1.5843253335680876
    },
    {
      "frame_index": 3,
      "time_s": 0.10282146892655367,
      "detected": true,
      "wrist_x": 0.5951687097549438,
      "wrist_y": 0.5395998954772949,
      "wrist_z": -1.6433965299711417e-07,
      "palm_axis_angle_rad": -1.5047845139128917,
      "pour_angle_rad": -1.5884353588029951,
      "wrist_x_smooth": 0.5947565078735352,
      "wrist_y_smooth": 0.5382572293281556,
      "wrist_z_smooth": -1.7505569189779634e-07,
      "palm_axis_angle_rad_smooth": -1.4782124144885997,
      "pour_angle_rad_smooth": -1.5925567337279507
    },
    {
      "frame_index": 4,
      "time_s": 0.13709529190207156,
      "detected": true,
      "wrist_x": 0.5959927439689636,
      "wrist_y": 0.5418943166732788,
      "wrist_z": -1.8962631997965218e-07,
      "palm_axis_angle_rad": -1.5037392631708881,
      "pour_angle_rad": -1.5894535829813525,
      "wrist_x_smooth": 0.5951859831809998,
      "wrist_y_smooth": 0.5403918504714966,
      "wrist_z_smooth": -1.7165641850169777e-07,
      "palm_axis_angle_rad_smooth": -1.4725459374627816,
      "pour_angle_rad_smooth": -1.5948998250072894
    },
    {
      "frame_index": 5,
      "time_s": 0.17136911487758946,
      "detected": true,
      "wrist_x": 0.5954077839851379,
      "wrist_y": 0.5427499413490295,
      "wrist_z": -1.798021429522123e-07,
      "palm_axis_angle_rad": -1.4232273863239722,
      "pour_angle_rad": -1.6019737868402282,
      "wrist_x_smooth": 0.595817768573761,
      "wrist_y_smooth": 0.5433820009231567,
      "wrist_z_smooth": -1.752262960508233e-07,
      "palm_axis_angle_rad_smooth": -1.468934023249083,
      "pour_angle_rad_smooth": -1.594166295236651
    },
    {
      "frame_index": 6,
      "time_s": 0.20564293785310733,
      "detected": true,
      "wrist_x": 0.5956957340240479,
      "wrist_y": 0.5442361235618591,
      "wrist_z": -1.6974082939213986e-07,
      "palm_axis_angle_rad": -1.436720154399141,
      "pour_angle_rad": -1.606247240115675,
      "wrist_x_smooth": 0.5962298154830933,
      "wrist_y_smooth": 0.5450454711914062,
      "wrist_z_smooth": -1.8269229542511312e-07,
      "palm_axis_angle_rad_smooth": -1.4720641494383546,
      "pour_angle_rad_smooth": -1.584893912265118
    },
    {
      "frame_index": 7,
      "time_s": 0.23991676082862523,
      "detected": true,
      "wrist_x": 0.5968238711357117,
      "wrist_y": 0.5484297275543213,
      "wrist_z": -1.7262253493299795e-07,
      "palm_axis_angle_rad": -1.4761987984385236,
      "pour_angle_rad": -1.584721507443005,
      "wrist_x_smooth": 0.5965523838996887,
      "wrist_y_smooth": 0.548261034488678,
      "wrist_z_smooth": -1.8620107766764704e-07,
      "palm_axis_angle_rad_smooth": -1.4746206945214475,
      "pour_angle_rad_smooth": -1.5713450993083602
    },
    {
      "frame_index": 8,
      "time_s": 0.27419058380414313,
      "detected": true,
      "wrist_x": 0.5972289443016052,
      "wrist_y": 0.5479172468185425,
      "wrist_z": -2.0166964986856328e-07,
      "palm_axis_angle_rad": -1.5204351448592484,
      "pour_angle_rad": -1.5420734439453294,
      "wrist_x_smooth": 0.5973674416542053,
      "wrist_y_smooth": 0.554239010810852,
      "wrist_z_smooth": -1.9173573093667073e-07,
      "palm_axis_angle_rad_smooth": -1.4956408530179748,
      "pour_angle_rad_smooth": -1.5595753205386897
    },
    {
      "frame_index": 9,
      "time_s": 0.308464406779661,
      "detected": true,
      "wrist_x": 0.5976055860519409,
      "wrist_y": 0.5579721331596375,
      "wrist_z": -2.071702311923218e-07,
      "palm_axis_angle_rad": -1.5165219885863521,
      "pour_angle_rad": -1.5217095181975628,
      "wrist_x_smooth": 0.597711980342865,
      "wrist_y_smooth": 0.5603856086730957,
      "wrist_z_smooth": -1.9688379211402206e-07,
      "palm_axis_angle_rad_smooth": -1.538299876491811,
      "pour_angle_rad_smooth": -1.540050361373816
    },
    {
      "frame_index": 10,
      "time_s": 0.3427382297551789,
      "detected": true,
      "wrist_x": 0.599483072757721,
      "wrist_y": 0.5726398229598999,
      "wrist_z": -2.0747540929733077e-07,
      "palm_axis_angle_rad": -1.5283281788066088,
      "pour_angle_rad": -1.5431248929918766,
      "wrist_x_smooth": 0.5979907512664795,
      "wrist_y_smooth": 0.5673875212669373,
      "wrist_z_smooth": -1.9215895292745698e-07,
      "palm_axis_angle_rad_smooth": -1.567106428624371,
      "pour_angle_rad_smooth": -1.5244722529586412
    },
    {
      "frame_index": 11,
      "time_s": 0.3770120527306968,
      "detected": true,
      "wrist_x": 0.5974184274673462,
      "wrist_y": 0.5749691128730774,
      "wrist_z": -1.9548113527889655e-07,
      "palm_axis_angle_rad": -1.6500152717683223,
      "pour_angle_rad": -1.5086224442913057,
      "wrist_x_smooth": 0.5987138867378234,
      "wrist_y_smooth": 0.5758264183998107,
      "wrist_z_smooth": -1.7628373711886524e-07,
      "palm_axis_angle_rad_smooth": -1.5845755070444865,
      "pour_angle_rad_smooth": -1.5203673479497304
    },
    {
      "frame_index": 12,
      "time_s": 0.41128587570621467,
      "detected": true,
      "wrist_x": 0.5982177257537842,
      "wrist_y": 0.583439290523529,
      "wrist_z": -1.4899833900017256e-07,
      "palm_axis_angle_rad": -1.6202315591013234,
      "pour_angle_rad": -1.5068309653671306,
      "wrist_x_smooth": 0.5995610475540161,
      "wrist_y_smooth": 0.5833536863327027,
      "wrist_z_smooth": -1.6202017150135362e-07,
      "palm_axis_angle_rad_smooth": -1.6024625974555609,
      "pour_angle_rad_smooth": -1.5162369179476745
    },
    {
      "frame_index": 13,
      "time_s": 0.44555969868173256,
      "detected": true,
      "wrist_x": 0.6008446216583252,
      "wrist_y": 0.5901117324829102,
      "wrist_z": -1.2229357082560455e-07,
      "palm_axis_angle_rad": -1.607780536959825,
      "pour_angle_rad": -1.521548918900777,
      "wrist_x_smooth": 0.6001919746398926,
      "wrist_y_smooth": 0.5890219449996948,
      "wrist_z_smooth": -1.505118092381963e-07,